
-- Dumping data for table sigepi.grupo_inve_semillero: ~11 rows (approximately)
/*!40000 ALTER TABLE `grupo_inve_semillero` DISABLE KEYS */;
REPLACE INTO `grupo_inve_semillero` (`id_grupo`, `nom_grupo`, `sigla_signif_grupo`, `objetivo_grupo`, `programa_grupo`, `url_logo_grupo`, `mision_grupo`, `vision_grupo`, `justif_grupo`, `quien_somos_grupo`, `grupo_inve_semillero_id_grupo`) VALUES
	(111, 'Giecom', 'Gestión del Conocimiento, Electrónica, Informática y Comunicaciones ', '', 'Sistema', 'giecom.jpg', 'GIECOM está comprometido con la generación de conocimiento científico y tecnológico, mediante el trabajo multidisciplinario en las áreas de gestión del conocimiento, comunicación, electrónica e informática, de tal manera que los resultados promuevan el crecimiento y formación de los investigadores, así como el desarrollo tecnológico en la región Amazónica, realizando alianzas estratégicas con diferentes empresas, las cuales se beneficien de nuestros logros alcanzados y de igual forma ayuden a la financiación de los diferentes proyectos a realizar.', 'Para el año 2018, GIECOM se consolidará como un grupo de investigación reconocido a nivel nacional e internacional en la generación de conocimiento en áreas de gestión del conocimiento, comunicación, electrónica e informática, contando con un personal altamente cualificado y generando proyectos multidisciplinarios que fortalezcan el desarrollo empresarial de la Región, promoviendo los proyectos que se desarrollan a las instituciones o empresas para un mutuo beneficio.', 'Justificasion falta :D', 'La fecha de creacion del grupo de investigacion fue en el Año 2007, por el cual se adquirio unas unidades Académicas a la facultad de Ingeniería y su programa Ingeniería de Sistemas. Sus Líneas de Investigación estan bien definidas como son la Inteligencia Artificial, el Desarrollo de Software y en el área de control.', 111),
	(112, 'Alecout', '', 'crear contador de alevinos', 'Sistemas', '', '', '', '', '', 111),
	(113, 'Giecom Semillero', 'hola singf invtiga3', 'objetivofhdskjha3', 'programa3', 'kjlkjdoanm.jpg', 'misio_grupo1dfsfsafsfs   3', 'vison     3', 'justificasion   3', 'quienes somos     3', 111),
	(114, 'Sara', 'hola singf invtiga4', 'objetivofhdskjha4', 'programa4', 'sara.jpg', 'misio_grupo1dfsfsafsfs   4', 'vison     4', 'justificasion   4', 'quienes somos     4', 115),
	(115, 'GIIE', 'GRUPO DE INVESTIGACION EN INFORMATICA EDUCATIVA', 'Construir el grupo de investigación encargado de liderar los procesos investigativos en el área de la informática educativa en la Universidad de la Amazonia, por medio del cual se generen resultados con claridad y pertinencia, representados en productos tales como publicaciones científicas, procesos de formación y trabajos de investigación.', 'sistema', 'kjlkjdoanm.jpg', 'Generar procesos de ciencia y tecnologia que contribuyan al desarrollo científico de la informática Educativa en la región Amazónica.', 'El grupo de investigación de desarrollará los elementos constitutivos en el área de la informática educativa de lineas de investigación de la Uniamazonia tales como: Educación Ambiental, Pedagogía y Didáctica, Administración y Educación, etc.', 'justificasion   5', 'quienes somos     5', 115),
	(116, 'nom_grupo6', 'hola singf invtiga6', 'objetivofhdskjha6', 'programa2', 'kjlkjdoanm.jpg', 'misio_grupo1dfsfsafsfs   6', 'vison     6', 'justificasion   6', 'quienes somos     6', 119),
	(117, 'ECQ', 'Estrategias Computacionales en Química', 'objetivofhdskjha8', 'Quimica', 'quimica.png', 'La misión del grupo de investigación ¿Estrategias Computacionales en Química¿ es ampliar el conocimiento sobre los sistemas químicos empleando simulaciones computacionales. El grupo promueve la formación de talento humano con la capacidad de emplear los modelos computacionales modernos y desarrollar nuevas metodologías teóricas. Los proyectos de investigación están enfocados en proponer, predecir, analizar y aplicar las propiedades físicas, químicas y biológicas de compuestos químicos de interés regional, nacional o mundial.', 'Para el año 2020 nuestro grupo se habrá consolidado como uno de los grupos líderes en Colombia en el área de la química computacional. Contará con un amplio número de estudiantes de pregrado y posgrado. Los proyectos realizados por el grupo estarán estrechamente relacionados con estudios experimentales de punta, en el marco de colaboraciones interdisciplinares.', 'justificasion   8', 'quienes somos     8', 117),
	(118, 'ESTRATEGÍAS COMPUTACIONALES ', '', 'El semillero de investigación Estrategias Computacionales a puesto atención a los problemas de la región amazónica intentando brindar soluciones mediante la utilización de herramienta informáticas propias de la química, los cuales en la mayoría son libre acceso, generando propuesta de de investigación de bahjo costos de financiación pero de gran interés para la región amazónica.', 'Quimica', 'quimica.png', 'El semillero de investigación Estrategias Computacionales, buscamos la generación de nuevos conocimientos utilizando una gran variedad de herramientas computacionales de libre acceso que pueden ser de gran utilidad para la predicción de las propiedades físicas y químicas de compuestos desconocidos o difíciles de caracterizar experimentalmente, así como el análisis de las propiedades físicas y químicas de compuestos existentes, interpretando información experimental o prediciendo propiedades aún no determinadas', 'El semillero Estrategias Computacionales familiarizar a sus nuevos integrantes con las herramientas computaciones de interés químico y corroborando los resultados teóricos obtenidos con los datos experimentales reportados en la literatura. Actualmente nuestro semillero está enfocado en el estudio de la resistencia del vector del dengue, chicunguya y Zica, Aedes aegyty, utilizando para ello tanto herramientas experimentales como teóricas. Esperando obtener resultados que puedan ser de utilidad para la solución de los problemas de salud pública.', 'justificasion   7', 'quienes somos     7', 117),
	(119, 'nom_grupo9', 'hola singf invtiga9', 'objetivofhdskjha9', 'programa5', 'kjlkjdoanm.jpg', 'misio_grupo1dfsfsafsfs   9', 'vison     9', 'justificasion   9', 'quienes somos     9', 119),
	(120, 'PICARDIE', 'Producir, Integrar, Compartir para Aprender con Recursos Didácticos E-learning', 'objetivofhdskjha20', 'programa1', 'picardie.png', 'misio_grupo1dfsfsafsfs   20', 'vison     20', 'justificasion   20', 'quienes somos     20', 115),
	(121, 'Semillero de programacion', NULL, 'Elevar el nivel de algoritmia ', 'Sistemas', NULL, 'El Semillero de Programación de la Universidad de la Amazonia tiene como misión promover la participación de estudiantes en eventos de programación competitiva del orden nacional e internacional, propiciando espacios académicos donde por medio del aprendizaje colaborativo se desarrollen habilidades investigativas y se fortalezcan los conocimientos en estrategias de programación, todo basado en la lectura y comprensión del inglés como idioma utilizado mundialmente en estos procesos.', 'El Semillero de Programación proyecta para el 2020 representar a la Universidad de la Amazonia en competencias de programación ACM-ICPC a nivel nacional, regional y mundial, obteniendo resultados que destaquen la labor que de manera comprometida y articulada se genera desde la institución.', NULL, NULL, 111);
/*!40000 ALTER TABLE `grupo_inve_semillero` ENABLE KEYS */;


REPLACE INTO `integrante_has_grupo_inve_semillero` (`usuario_id_usuario`, `grupo_inve_semillero_id_grupo`) VALUES
	(11, 111),
	(11, 112),
	(11, 113),
	(11, 114),
	(15, 115),
	(15, 116),
	(15, 117),
	(15, 118),
	(15, 119),
	(15, 120);
/*!40000 ALTER TABLE `integrante_has_grupo_inve_semillero` ENABLE KEYS */;

-- Dumping structure for procedure sigepi.proced_consul_grupo

REPLACE INTO `proyecto` (`id_proyecto`, `nom_proyecto`, `estado_proyecto`) VALUES
	(22, 'AntonioProyect', 1),
	(23, 'cacao tic', 1),
	(24, 'proyecto buena vida', 0),
	(25, 'Proyect5', 0),
	(26, 'Proyect6', 1),
	(27, 'Proyect7', 0);
/*!40000 ALTER TABLE `proyecto` ENABLE KEYS */;

REPLACE INTO `proyecto_has_grupo_inve_semillero` (`proyecto_id_proyecto`, `grupo_inve_semillero_id_grupo`) VALUES
	(22, 111),
	(24, 111),
	(25, 112),
	(27, 114),
	(25, 115),
	(26, 115);
/*!40000 ALTER TABLE `proyecto_has_grupo_inve_semillero` ENABLE KEYS */;


REPLACE INTO `tipo_usuario` (`id_tipo_usuario`, `nom_tipo_usuario`) VALUES
	(1, 'Lider'),
	(2, 'miembro'),
	(3, 'estudiante');
/*!40000 ALTER TABLE `tipo_usuario` ENABLE KEYS */;

-- Dumping data for table sigepi.usuario: ~7 rows (approximately)
/*!40000 ALTER TABLE `usuario` DISABLE KEYS */;
REPLACE INTO `usuario` (`id_usuario`, `nom_usuario`, `contra_usuario`, `url_foto_usuario`, `tipo_usuario_id_tipo_usuario`) VALUES
	(11, 'antonio', 'contra_antorio', 'url.../dsajk', 1),
	(12, 'carlos', '12345', 'url.../dsajk', 2),
	(13, 'carlos2', '12345', 'url.../dsajk', 2),
	(14, 'brayan', 'yisus', 'url.../dsajk', 3),
	(15, 'heri', 'giecom', 'gieco', 1),
	(16, 'micht', 'giecom1', 'url.../dsajk', 2),
	(17, 'alcalde', 'giecom2', 'url.../dsajk', 2);
/*!40000 ALTER TABLE `usuario` ENABLE KEYS */;


/*!40000 ALTER TABLE `usuario_has_proyecto` DISABLE KEYS */;
REPLACE INTO `usuario_has_proyecto` (`usuario_id_usuario`, `proyecto_id_proyecto`) VALUES
	(11, 22),
	(12, 22),
	(13, 22),
	(11, 23),
	(12, 24),
	(14, 24),
	(15, 24),
	(13, 25),
	(15, 25),
	(15, 26),
	(16, 26),
	(15, 27),
	(16, 27),
	(17, 27);
/*!40000 ALTER TABLE `usuario_has_proyecto` ENABLE KEYS */;






/*wiev gruposi dlksadada */;

REPLACE INTO `plantilla` (`id_plantilla`, `nom_plantilla`, `url_imagen`) VALUES
	(1, '{ñkñljk', 'hjkhk'),
	(555, 'basica', 'urlkjlksdajflkjsdlf.png');
/*!40000 ALTER TABLE `plantilla` ENABLE KEYS */;





















)
BEGIN

  	
   Declare num int;    
  
   SET num = (SELECT COUNT(*)+1 from grupo_invest); 	
   

  
   insert into grupo_invest VALUES(num,nom_grupo1,url_logo_grupo,email_grupo,telefo_grupo,direcc_grupo,1);
   
   
  
	



END//
DELIMITER ;

-- Dumping structure for procedure viewgroup.proced_create_usuario
DELIMITER //
CREATE DEFINER=`root`@`localhost` PROCEDURE `proced_create_usuario`(
	IN `nombre_user` VARCHAR(50),
	IN `url_foto_user` VARCHAR(255)

)
BEGIN
	
   Declare num int;    
  
   SET num = (SELECT COUNT(*)+1 from usuario); 	
   

  
   insert into usuario VALUES(num,nombre_user,url_foto_user);
   
   select * from usuario;


END//
DELIMITER ;

-- Dumping structure for procedure viewgroup.proced_valite_create_usu
DELIMITER //
CREATE DEFINER=`root`@`localhost` PROCEDURE `proced_valite_create_usu`(
	IN `usuari` VARCHAR(50),
	IN `contra` VARCHAR(50)

)
BEGIN
 declare nombreUsuario varchar(45);
 declare idUsuario int;
   Declare num int;    
 
select 
	usu.id_usuario into idUsuario
from usuario usu
where usu.nom_usuario=usuari 
and usu.contra_usuario=contra;



if( idUsuario is null) then
	
  
   SET num = (SELECT COUNT(*)+1 from usuario); 	
   

  
   insert into usuario VALUES(num,nombre_user,url_foto_user);
   
   select * from usuario;
	select "nada perro" as mensaje;
	
else 
	select 
		nom_usuario into nombreUsuario
	from usuario usu
	where usu.nom_usuario=usuari 
	and usu.contra_usuario=contra;

	select "bueeeeena perro" as mensaje,
	idUsuario as usuari,
	nombreUsuario as nombreeee;
end if;

END//
DELIMITER ;

-- Dumping structure for table viewgroup.producto
CREATE TABLE IF NOT EXISTS `producto` (
  `id_produc` int(11) NOT NULL,
  `fecha_de_produc` date DEFAULT NULL,
  `estado_produc` tinyint(4) DEFAULT NULL,
  `lugar_produc` varchar(45) DEFAULT NULL,
  `publico_produc` tinyint(4) DEFAULT NULL,
  `producto_pricipal_fk_id_producto` int(11) NOT NULL,
  `fk_id_grupo_invest` int(11) DEFAULT NULL,
  PRIMARY KEY (`id_produc`),
  KEY `fk_producto_grupo_invest1_idx` (`fk_id_grupo_invest`),
  KEY `producto_pricipal_fk_id_producto` (`producto_pricipal_fk_id_producto`),
  CONSTRAINT `fk_pk_producto` FOREIGN KEY (`producto_pricipal_fk_id_producto`) REFERENCES `producto` (`id_produc`),
  CONSTRAINT `fk_producto_grupo_invest1` FOREIGN KEY (`fk_id_grupo_invest`) REFERENCES `mydb`.`grupo_invest` (`id_grupo_invest`) ON DELETE NO ACTION ON UPDATE NO ACTION
) ENGINE=InnoDB DEFAULT CHARSET=utf8;

-- Dumping data for table viewgroup.producto: ~0 rows (approximately)
/*!40000 ALTER TABLE `producto` DISABLE KEYS */;
/*!40000 ALTER TABLE `producto` ENABLE KEYS */;

-- Dumping structure for table viewgroup.roles
CREATE TABLE IF NOT EXISTS `roles` (
  `id_rol` int(11) NOT NULL,
  `nom_rol` varchar(45) DEFAULT NULL,
  PRIMARY KEY (`id_rol`)
) ENGINE=InnoDB DEFAULT CHARSET=utf8;

-- Dumping data for table viewgroup.roles: ~3 rows (approximately)
/*!40000 ALTER TABLE `roles` DISABLE KEYS */;
REPLACE INTO `roles` (`id_rol`, `nom_rol`) VALUES
	(1, 'Administrador'),
	(2, 'Miembro'),
	(3, 'Estudiante');
/*!40000 ALTER TABLE `roles` ENABLE KEYS */;

-- Dumping structure for table viewgroup.roles_permisos
CREATE TABLE IF NOT EXISTS `roles_permisos` (
  `roles_id_rol` int(11) NOT NULL,
  `permisos_id_permisos` int(11) NOT NULL,
  `fecha_permiso` datetime DEFAULT NULL,
  PRIMARY KEY (`roles_id_rol`,`permisos_id_permisos`),
  KEY `fk_roles_has_permisos_permisos1_idx` (`permisos_id_permisos`),
  KEY `fk_roles_has_permisos_roles1_idx` (`roles_id_rol`),
  CONSTRAINT `fk_roles_has_permisos_permisos1` FOREIGN KEY (`permisos_id_permisos`) REFERENCES `mydb`.`permisos` (`id_permisos`) ON DELETE NO ACTION ON UPDATE NO ACTION,
  CONSTRAINT `fk_roles_has_permisos_roles1` FOREIGN KEY (`roles_id_rol`) REFERENCES `mydb`.`roles` (`id_rol`) ON DELETE NO ACTION ON UPDATE NO ACTION
) ENGINE=InnoDB DEFAULT CHARSET=utf8;

-- Dumping data for table viewgroup.roles_permisos: ~0 rows (approximately)
/*!40000 ALTER TABLE `roles_permisos` DISABLE KEYS */;
/*!40000 ALTER TABLE `roles_permisos` ENABLE KEYS */;

-- Dumping structure for table viewgroup.soporte
CREATE TABLE IF NOT EXISTS `soporte` (
  `id_soporte` int(11) NOT NULL,
  `url_imagene` varchar(255) DEFAULT NULL,
  `pk_fk_id_produc` int(11) NOT NULL,
  `titulo_soporte` varchar(255) NOT NULL,
  `descrip_soporte` varchar(255) NOT NULL,
  PRIMARY KEY (`id_soporte`,`pk_fk_id_produc`),
  KEY `fk_soporte_producto1_idx` (`pk_fk_id_produc`),
  CONSTRAINT `fk_soporte_producto1` FOREIGN KEY (`pk_fk_id_produc`) REFERENCES `mydb`.`producto` (`id_produc`) ON DELETE NO ACTION ON UPDATE NO ACTION
) ENGINE=InnoDB DEFAULT CHARSET=utf8;

-- Dumping data for table viewgroup.soporte: ~0 rows (approximately)
/*!40000 ALTER TABLE `soporte` DISABLE KEYS */;
/*!40000 ALTER TABLE `soporte` ENABLE KEYS */;

-- Dumping structure for table viewgroup.usuario
CREATE TABLE IF NOT EXISTS `usuario` (
  `id_usuario` int(11) NOT NULL,
  `nom_usuario` varchar(255) DEFAULT NULL,
  `url_foto_usuario` varchar(255) DEFAULT NULL,
  PRIMARY KEY (`id_usuario`)
) ENGINE=InnoDB DEFAULT CHARSET=utf8;

-- Dumping data for table viewgroup.usuario: ~1 rows (approximately)
/*!40000 ALTER TABLE `usuario` DISABLE KEYS */;
REPLACE INTO `usuario` (`id_usuario`, `nom_usuario`, `url_foto_usuario`) VALUES
	(1, 'Juanes', 'lsdjflajlsdkf.jpn');
/*!40000 ALTER TABLE `usuario` ENABLE KEYS */;

/*!40101 SET SQL_MODE=IFNULL(@OLD_SQL_MODE, '') */;
/*!40014 SET FOREIGN_KEY_CHECKS=IF(@OLD_FOREIGN_KEY_CHECKS IS NULL, 1, @OLD_FOREIGN_KEY_CHECKS) */;
/*!40101 SET CHARACTER_SET_CLIENT=@OLD_CHARACTER_SET_CLIENT */;
